{
    "LogisticRegression": {
        "accuracy": 0.7426190476190476,
        "precision": 0.7065450643776824,
        "recall": 0.7115072933549432,
        "f1_score": 0.7090174966352624,
        "confusion_matrix": [
            [
                1802,
                547
            ],
            [
                534,
                1317
            ]
        ]
    },
    "NaiveBayes": {
        "accuracy": 0.7085714285714285,
        "precision": 0.7209302325581395,
        "recall": 0.5526742301458671,
        "f1_score": 0.6256880733944954,
        "confusion_matrix": [
            [
                1953,
                396
            ],
            [
                828,
                1023
            ]
        ]
    },
    "DecisionTree": {
        "accuracy": 0.7045238095238096,
        "precision": 0.648635477582846,
        "recall": 0.7190707725553754,
        "f1_score": 0.682039456828081,
        "confusion_matrix": [
            [
                1628,
                721
            ],
            [
                520,
                1331
            ]
        ]
    },
    "RandomForest": {
        "accuracy": 0.735,
        "precision": 0.6929916317991632,
        "recall": 0.715829281469476,
        "f1_score": 0.704225352112676,
        "confusion_matrix": [
            [
                1762,
                587
            ],
            [
                526,
                1325
            ]
        ]
    },
    "KNN": {
        "accuracy": 0.6195238095238095,
        "precision": 0.6341463414634146,
        "recall": 0.3230686115613182,
        "f1_score": 0.4280601288475304,
        "confusion_matrix": [
            [
                2004,
                345
            ],
            [
                1253,
                598
            ]
        ]
    },
    "VotingEnsemble": {
        "accuracy": 0.7280952380952381,
        "precision": 0.6851174934725849,
        "recall": 0.7088060507833603,
        "f1_score": 0.6967604885820499,
        "confusion_matrix": [
            [
                1746,
                603
            ],
            [
                539,
                1312
            ]
        ]
    }
}