{
    "LogisticRegression": {
        "accuracy": 0.5947619047619047,
        "precision_macro": 0.36477187461317534,
        "recall_macro": 0.6020121674808437,
        "f1_macro": 0.44631500079324266,
        "hamming_loss": 0.08293650793650793,
        "confusion_matrix_per_class": [
            [
                [
                    4085,
                    62
                ],
                [
                    14,
                    39
                ]
            ],
            [
                [
                    2333,
                    563
                ],
                [
                    315,
                    989
                ]
            ],
            [
                [
                    2786,
                    557
                ],
                [
                    264,
                    593
                ]
            ],
            [
                [
                    4129,
                    49
                ],
                [
                    11,
                    11
                ]
            ],
            [
                [
                    3968,
                    135
                ],
                [
                    51,
                    46
                ]
            ],
            [
                [
                    4117,
                    52
                ],
                [
                    17,
                    14
                ]
            ]
        ]
    },
    "NaiveBayes": {
        "accuracy": 0.6261904761904762,
        "precision_macro": 0.4330304157587997,
        "recall_macro": 0.0944142968005402,
        "f1_macro": 0.14026783592459527,
        "hamming_loss": 0.0761904761904762,
        "confusion_matrix_per_class": [
            [
                [
                    4147,
                    0
                ],
                [
                    53,
                    0
                ]
            ],
            [
                [
                    2750,
                    146
                ],
                [
                    843,
                    461
                ]
            ],
            [
                [
                    3313,
                    30
                ],
                [
                    701,
                    156
                ]
            ],
            [
                [
                    4178,
                    0
                ],
                [
                    22,
                    0
                ]
            ],
            [
                [
                    4103,
                    0
                ],
                [
                    94,
                    3
                ]
            ],
            [
                [
                    4169,
                    0
                ],
                [
                    31,
                    0
                ]
            ]
        ]
    },
    "DecisionTree": {
        "accuracy": 0.5219047619047619,
        "precision_macro": 0.2911382871462778,
        "recall_macro": 0.5024873661145426,
        "f1_macro": 0.35121154564656715,
        "hamming_loss": 0.10126984126984127,
        "confusion_matrix_per_class": [
            [
                [
                    4076,
                    71
                ],
                [
                    16,
                    37
                ]
            ],
            [
                [
                    2280,
                    616
                ],
                [
                    402,
                    902
                ]
            ],
            [
                [
                    2771,
                    572
                ],
                [
                    377,
                    480
                ]
            ],
            [
                [
                    4005,
                    173
                ],
                [
                    14,
                    8
                ]
            ],
            [
                [
                    3952,
                    151
                ],
                [
                    54,
                    43
                ]
            ],
            [
                [
                    4086,
                    83
                ],
                [
                    23,
                    8
                ]
            ]
        ]
    },
    "RandomForest": {
        "accuracy": 0.6428571428571429,
        "precision_macro": 0.5234661101573833,
        "recall_macro": 0.2935829046387509,
        "f1_macro": 0.3535711337559264,
        "hamming_loss": 0.07035714285714285,
        "confusion_matrix_per_class": [
            [
                [
                    4139,
                    8
                ],
                [
                    34,
                    19
                ]
            ],
            [
                [
                    2390,
                    506
                ],
                [
                    398,
                    906
                ]
            ],
            [
                [
                    3190,
                    153
                ],
                [
                    521,
                    336
                ]
            ],
            [
                [
                    4167,
                    11
                ],
                [
                    21,
                    1
                ]
            ],
            [
                [
                    4091,
                    12
                ],
                [
                    77,
                    20
                ]
            ],
            [
                [
                    4166,
                    3
                ],
                [
                    29,
                    2
                ]
            ]
        ]
    },
    "KNN": {
        "accuracy": 0.5935714285714285,
        "precision_macro": 0.6540816453480209,
        "recall_macro": 0.1303312259060873,
        "f1_macro": 0.21368620808286834,
        "hamming_loss": 0.08531746031746032,
        "confusion_matrix_per_class": [
            [
                [
                    4143,
                    4
                ],
                [
                    45,
                    8
                ]
            ],
            [
                [
                    2778,
                    118
                ],
                [
                    1058,
                    246
                ]
            ],
            [
                [
                    3260,
                    83
                ],
                [
                    711,
                    146
                ]
            ],
            [
                [
                    4178,
                    0
                ],
                [
                    22,
                    0
                ]
            ],
            [
                [
                    4102,
                    1
                ],
                [
                    80,
                    17
                ]
            ],
            [
                [
                    4169,
                    0
                ],
                [
                    28,
                    3
                ]
            ]
        ]
    },
    "VotingEnsemble": {
        "accuracy": 0.6535714285714286,
        "precision_macro": 0.6873048317248812,
        "recall_macro": 0.3032233699364479,
        "f1_macro": 0.394595673962809,
        "hamming_loss": 0.06916666666666667,