{
    "LogisticRegression": {
        "accuracy": 0.5871428571428572,
        "precision_macro": 0.3542485338021204,
        "recall_macro": 0.5664989318227566,
        "f1_macro": 0.425516075986834,
        "confusion_matrix_per_class": [
            [
                [
                    6134,
                    75
                ],
                [
                    28,
                    63
                ]
            ],
            [
                [
                    3541,
                    821
                ],
                [
                    494,
                    1444
                ]
            ],
            [
                [
                    4161,
                    836
                ],
                [
                    419,
                    884
                ]
            ],
            [
                [
                    6182,
                    88
                ],
                [
                    17,
                    13
                ]
            ],
            [
                [
                    5947,
                    214
                ],
                [
                    73,
                    66
                ]
            ],
            [
                [
                    6177,
                    83
                ],
                [
                    25,
                    15
                ]
            ]
        ]
    },
    "NaiveBayes": {
        "accuracy": 0.6244444444444445,
        "precision_macro": 0.42836634719590583,
        "recall_macro": 0.09189155427165269,
        "f1_macro": 0.13710064059680918,
        "confusion_matrix_per_class": [
            [
                [
                    6209,
                    0
                ],
                [
                    91,
                    0
                ]
            ],
            [
                [
                    4147,
                    215
                ],
                [
                    1256,
                    682
                ]
            ],
            [
                [
                    4947,
                    50
                ],
                [
                    1090,
                    213
                ]
            ],
            [
                [
                    6270,
                    0
                ],
                [
                    30,
                    0
                ]
            ],
            [
                [
                    6161,
                    0
                ],
                [
                    134,
                    5
                ]
            ],
            [
                [
                    6260,
                    0
                ],
                [
                    40,
                    0
                ]
            ]
        ]
    },
    "DecisionTree": {
        "accuracy": 0.5092063492063492,
        "precision_macro": 0.28521234937511103,
        "recall_macro": 0.49990664243197863,
        "f1_macro": 0.34474310197086844,
        "confusion_matrix_per_class": [
            [
                [
                    6093,
                    116
                ],
                [
                    27,
                    64
                ]
            ],
            [
                [
                    3420,
                    942
                ],
                [
                    594,
                    1344
                ]
            ],
            [
                [
                    4071,
                    926
                ],
                [
                    559,
                    744
                ]
            ],
            [
                [
                    5994,
                    276
                ],
                [
                    18,
                    12
                ]
            ],
            [
                [
                    5951,
                    210
                ],
                [
                    79,
                    60
                ]
            ],
            [
                [
                    6131,
                    129
                ],
                [
                    32,
                    8
                ]
            ]
        ]
    },
    "RandomForest": {
        "accuracy": 0.6279365079365079,
        "precision_macro": 0.48676216952079016,
        "recall_macro": 0.2824767771837537,
        "f1_macro": 0.3289561455780556,
        "confusion_matrix_per_class": [
            [
                [
                    6200,
                    9
                ],
                [
                    63,
                    28
                ]
            ],
            [
                [
                    3647,
                    715
                ],
                [
                    623,
                    1315
                ]
            ],
            [
                [
                    4741,
                    256
                ],
                [
                    805,
                    498
                ]
            ],
            [
                [
                    6138,
                    132
                ],
                [
                    27,
                    3
                ]
            ],
            [
                [
                    6147,
                    14
                ],
                [
                    111,
                    28
                ]
            ],
            [
                [
                    6255,
                    5
                ],
                [
                    39,
                    1
                ]
            ]
        ]
    },
    "KNN": {
        "accuracy": 0.29793650793650794,
        "precision_macro": 0.6189484042812418,
        "recall_macro": 0.23888620207994096,
        "f1_macro": 0.2351588571359752,
        "confusion_matrix_per_class": [
            [
                [
                    6208,
                    1
                ],
                [
                    77,
                    14
                ]
            ],
            [
                [
                    4153,
                    209
                ],
                [
                    1514,
                    424
                ]
            ],
            [
                [
                    1821,
                    3176
                ],
                [
                    253,
                    1050
                ]
            ],
            [
                [
                    6270,
                    0
                ],
                [
                    30,
                    0
                ]
            ],
            [
                [
                    6157,
                    4
                ],
                [
                    114,
                    25
                ]
            ],
            [
                [
                    6260,
                    0
                ],
                [
                    37,
                    3
                ]
            ]
        ]
    },
    "VotingEnsemble": {
        "accuracy": 0.6352380952380953,
        "precision_macro": 0.6276647207310805,
        "recall_macro": 0.34128893651794545,
        "f1_macro": 0.4099260720332983,