{
    "LogisticRegression": {
        "accuracy": 0.7350793650793651,
        "precision": 0.7004708438971388,
        "recall": 0.696685878962536,
        "f1_score": 0.698573234603576,
        "confusion_matrix": [
            [
                2697,
                827
            ],
            [
                842,
                1934
            ]
        ]
    },
    "NaiveBayes": {
        "accuracy": 0.7098412698412698,
        "precision": 0.7200557103064067,
        "recall": 0.5587175792507204,
        "f1_score": 0.62920892494929,
        "confusion_matrix": [
            [
                2921,
                603
            ],
            [
                1225,
                1551
            ]
        ]
    },
    "DecisionTree": {
        "accuracy": 0.6993650793650794,
        "precision": 0.6392045454545454,
        "recall": 0.7294668587896254,
        "f1_score": 0.6813593539703903,
        "confusion_matrix": [
            [
                2381,
                1143
            ],
            [
                751,
                2025
            ]
        ]
    },
    "RandomForest": {
        "accuracy": 0.7280952380952381,
        "precision": 0.6837193225025925,
        "recall": 0.712536023054755,
        "f1_score": 0.69783030516846,
        "confusion_matrix": [
            [
                2609,
                915
            ],
            [
                798,
                1978
            ]
        ]
    },
    "KNN": {
        "accuracy": 0.6190476190476191,
        "precision": 0.7136363636363636,
        "recall": 0.22622478386167147,
        "f1_score": 0.3435448577680525,
        "confusion_matrix": [
            [
                3272,
                252
            ],
            [
                2148,
                628
            ]
        ]
    },
    "VotingEnsemble": {
        "accuracy": 0.7274603174603175,
        "precision": 0.7172753385309807,
        "recall": 0.6296829971181557,
        "f1_score": 0.6706311145213889,
        "confusion_matrix": [
            [
                2835,
                689
            ],
            [
                1028,
                1748
            ]
        ]
    }
}